Display,URL
101 Cookbooks,http://www.101cookbooks.com/
Alcademics,http://www.alcademics.com/
Alice Feiring,http://www.alicefeiring.com/
Augieland,http://augieland.blogs.com/
Besotted Ramblings,http://www.peterliem.com/
Brooklyn Guy’s Wine & Food Blog,http://brooklynguyloveswine.blogspot.com/
Chez Pim,http://chezpim.typepad.com/
Chocolate & Zucchini,http://chocolateandzucchini.com/
Chowhound,http://www.chowhound.com/
Cookie and Kate,http://www.cookieandkate.com/
Design Crush,http://www.designcrushblog.com/
Design Scouting,http://www.designscouting.com/
Desserts for Breakfast,http://www.dessertsforbreakfast.com/
Dinner: A Love Story,http://www.dinneralovestory.com/
Dr. Vino,http://www.drvino.com/
Eat Drink Chic,http://www.eatdrinkchic.com/
Eater,http://www.eater.com/
Ed Levine Eats,http://edlevineeats.seriouseats.com/
Edible Nation,http://www.ediblenation.com/
eGullet,http://www.egullet.org/
Family Fresh Cooking,http://www.familyfreshcooking.com/
Fermentation,http://fermentation.typepad.com/
Good Things Grow,http://www.goodthingsgrow.com/
Gothamist,http://www.gothamist.com/archives/food/index.php
Gridskipper,http://gridskipper.com/
Grub Street,http://nymag.com/daily/food/
Honest Fare,http://www.honestfare.com/
Honey & Jam,http://www.honeyandjam.com/
Hungry Girl Por Vida,http://www.hungrygirlporvida.com/
Ideas in Food,http://blog.ideasinfood.com/
Jancis Robinson,http://www.jancisrobinson.com/
Jeremy Parzen’s Blog,http://dobianchi.wordpress.com/
Joe Dressner: The Wine Importer,http://www.datamantic.com/joedressner/
Juli B,http://www.julib.com/index2.html
Ken’s Wine Guide,http://www.kenswineguide.com/
Lenndevours,http://lennthompson.typepad.com/lenndevours/
MUG,http://www.manhattanusersguide.com/article.php?c=food
New York joonbug,http://newyork.joonbug.com/cultivated
Not Eating Out in New York,http://www.noteatingoutinny.com/
Oh Happy Day!,http://www.ohhappyday.com/
On the Wine Trail in Italy,http://acevola.blogspot.com/
One Hungry Mama,http://www.onehungrymama.com/
Paris by Mouth,http://www.parisbymouth.com/
Savory NY,http://www.savorynewyork.com/wiki/Main_Page
Slice,http://www.sliceny.com/
Slow Cocktails,http://slowcocktails.squarespace.com/
Smith and Ratliff,http://www.smithratliff.com/
Style Fare,http://www.stylefare.com/
Sunday Suppers,http://www.sunday-suppers.com/
The Bored Vegetarian,http://theboredvegetarian.tumblr.com/
The Curvy Carrot,http://www.thecurvycarrot.com/
The Food Section,http://www.thefoodsection.com/
The Pastry Affair,http://www.pastryaffair.com/
The Pour,http://thepour.blogs.nytimes.com/
Thrillist,http://www.thrillist.com/list/New+York/Food++Dining
VinoDuo,http://vinoduo.com/
Vinography,http://www.vinography.com/
Wine Anorak,http://www.wineanorak.com/
Wine Camp,http://winecamp.squarespace.com/
Wine Terroirs,http://www.wineterroirs.com/
Wine Therapy,http://enemyvessel.com/
